variant,mean,standard_deviation
A,4.998985111647161,1.01056488714389
B,8.009814641709344,0.9947752338829687
